{
    "name": "root",
    "gauges": {
        "Hummingbird.Policy.Entropy.mean": {
            "value": 1.4343763589859009,
            "min": 1.4189382791519165,
            "max": 1.4343763589859009,
            "count": 51
        },
        "Hummingbird.Policy.Entropy.sum": {
            "value": 13318.1845703125,
            "min": 11230.25390625,
            "max": 18217.8125,
            "count": 51
        },
        "Hummingbird.Step.mean": {
            "value": 509896.0,
            "min": 9984.0,
            "max": 509896.0,
            "count": 51
        },
        "Hummingbird.Step.sum": {
            "value": 509896.0,
            "min": 9984.0,
            "max": 509896.0,
            "count": 51
        },
        "Hummingbird.Policy.ExtrinsicValueEstimate.mean": {
            "value": 0.011422810144722462,
            "min": -0.8305952548980713,
            "max": 0.2733016908168793,
            "count": 51
        },
        "Hummingbird.Policy.ExtrinsicValueEstimate.sum": {
            "value": 0.9138247966766357,
            "min": -67.27821350097656,
            "max": 21.8641357421875,
            "count": 51
        },
        "Hummingbird.IsTraining.mean": {
            "value": 1.0,
            "min": 1.0,
            "max": 1.0,
            "count": 51
        },
        "Hummingbird.IsTraining.sum": {
            "value": 1.0,
            "min": 1.0,
            "max": 1.0,
            "count": 51
        },
        "Hummingbird.Environment.EpisodeLength.mean": {
            "value": 999.0,
            "min": 999.0,
            "max": 999.0,
            "count": 34
        },
        "Hummingbird.Environment.EpisodeLength.sum": {
            "value": 14985.0,
            "min": 14985.0,
            "max": 14985.0,
            "count": 34
        },
        "Hummingbird.Environment.CumulativeReward.mean": {
            "value": 0.0,
            "min": -2.7666666666666666,
            "max": 0.03206853036369596,
            "count": 50
        },
        "Hummingbird.Environment.CumulativeReward.sum": {
            "value": 0.0,
            "min": -41.5,
            "max": 0.44895942509174347,
            "count": 50
        },
        "Hummingbird.Policy.ExtrinsicReward.mean": {
            "value": 0.0,
            "min": -2.7666666666666666,
            "max": 0.03206853036369596,
            "count": 50
        },
        "Hummingbird.Policy.ExtrinsicReward.sum": {
            "value": 0.0,
            "min": -41.5,
            "max": 0.44895942509174347,
            "count": 50
        },
        "Hummingbird.Losses.PolicyLoss.mean": {
            "value": 0.08918158394905427,
            "min": 0.05922691816619287,
            "max": 0.11985730002634228,
            "count": 24
        },
        "Hummingbird.Losses.PolicyLoss.sum": {
            "value": 0.08918158394905427,
            "min": 0.05922691816619287,
            "max": 0.11985730002634228,
            "count": 24
        },
        "Hummingbird.Losses.ValueLoss.mean": {
            "value": 0.0010879996630440776,
            "min": 0.00027477940214642635,
            "max": 0.06993395164608955,
            "count": 24
        },
        "Hummingbird.Losses.ValueLoss.sum": {
            "value": 0.0010879996630440776,
            "min": 0.00027477940214642635,
            "max": 0.06993395164608955,
            "count": 24
        },
        "Hummingbird.Policy.LearningRate.mean": {
            "value": 0.00018120003959999994,
            "min": 0.00018120003959999994,
            "max": 0.00029501760166079986,
            "count": 24
        },
        "Hummingbird.Policy.LearningRate.sum": {
            "value": 0.00018120003959999994,
            "min": 0.00018120003959999994,
            "max": 0.00029501760166079986,
            "count": 24
        },
        "Hummingbird.Policy.Epsilon.mean": {
            "value": 0.16040000000000004,
            "min": 0.16040000000000004,
            "max": 0.19833920000000008,
            "count": 24
        },
        "Hummingbird.Policy.Epsilon.sum": {
            "value": 0.16040000000000004,
            "min": 0.16040000000000004,
            "max": 0.19833920000000008,
            "count": 24
        },
        "Hummingbird.Policy.Beta.mean": {
            "value": 0.0030239600000000013,
            "min": 0.0030239600000000013,
            "max": 0.0049171260800000005,
            "count": 24
        },
        "Hummingbird.Policy.Beta.sum": {
            "value": 0.0030239600000000013,
            "min": 0.0030239600000000013,
            "max": 0.0049171260800000005,
            "count": 24
        }
    },
    "metadata": {
        "timer_format_version": "0.1.0",
        "start_time_seconds": "1679021799",
        "python_version": "3.7.16 (default, Jan 17 2023, 16:06:28) [MSC v.1916 64 bit (AMD64)]",
        "command_line_arguments": "C:\\Users\\yuenn\\anaconda3\\envs\\ml-agents\\Scripts\\mlagents-learn ./trainer_config.yaml --run-id hb_04",
        "mlagents_version": "0.29.0",
        "mlagents_envs_version": "0.29.0",
        "communication_protocol_version": "1.5.0",
        "pytorch_version": "1.13.1",
        "numpy_version": "1.21.6",
        "end_time_seconds": "1679023024"
    },
    "total": 1224.8083472,
    "count": 1,
    "self": 0.007374900000058915,
    "children": {
        "run_training.setup": {
            "total": 0.11606129999999992,
            "count": 1,
            "self": 0.11606129999999992
        },
        "TrainerController.start_learning": {
            "total": 1224.684911,
            "count": 1,
            "self": 1.2263323999829936,
            "children": {
                "TrainerController._reset_env": {
                    "total": 13.405740999999999,
                    "count": 1,
                    "self": 13.405740999999999
                },
                "TrainerController.advance": {
                    "total": 1209.927994100017,
                    "count": 34444,
                    "self": 0.6382622000066931,
                    "children": {
                        "env_step": {
                            "total": 1209.2897319000103,
                            "count": 34444,
                            "self": 1105.403873400025,
                            "children": {
                                "SubprocessEnvManager._take_step": {
                                    "total": 103.26233729999568,
                                    "count": 34444,
                                    "self": 3.425204499987032,
                                    "children": {
                                        "TorchPolicy.evaluate": {
                                            "total": 99.83713280000865,
                                            "count": 34444,
                                            "self": 20.809011800016663,
                                            "children": {
                                                "TorchPolicy.sample_actions": {
                                                    "total": 79.02812099999198,
                                                    "count": 34444,
                                                    "self": 79.02812099999198
                                                }
                                            }
                                        }
                                    }
                                },
                                "workers": {
                                    "total": 0.6235211999895487,
                                    "count": 34443,
                                    "self": 0.0,
                                    "children": {
                                        "worker_root": {
                                            "total": 1201.979462599993,
                                            "count": 34443,
                                            "is_parallel": true,