{
    "name": "root",
    "gauges": {
        "Hummingbird.Policy.Entropy.mean": {
            "value": 1.6166337728500366,
            "min": 1.4246965646743774,
            "max": 1.6172651052474976,
            "count": 1450
        },
        "Hummingbird.Policy.Entropy.sum": {
            "value": 14569.103515625,
            "min": 2359.2978515625,
            "max": 18949.95703125,
            "count": 1450
        },
        "Hummingbird.Step.mean": {
            "value": 14609920.0,
            "min": 119904.0,
            "max": 14609920.0,
            "count": 1450
        },
        "Hummingbird.Step.sum": {
            "value": 14609920.0,
            "min": 119904.0,
            "max": 14609920.0,
            "count": 1450
        },
        "Hummingbird.Policy.ExtrinsicValueEstimate.mean": {
            "value": 7.726927757263184,
            "min": -0.04336589202284813,
            "max": 7.76520299911499,
            "count": 1450
        },
        "Hummingbird.Policy.ExtrinsicValueEstimate.sum": {
            "value": 618.1542358398438,
            "min": -3.425905466079712,
            "max": 627.4115600585938,
            "count": 1450
        },
        "Hummingbird.IsTraining.mean": {
            "value": 1.0,
            "min": 1.0,
            "max": 1.0,
            "count": 1450
        },
        "Hummingbird.IsTraining.sum": {
            "value": 1.0,
            "min": 1.0,
            "max": 1.0,
            "count": 1450
        },
        "Hummingbird.Environment.EpisodeLength.mean": {
            "value": 999.0,
            "min": 999.0,
            "max": 999.0,
            "count": 1217
        },
        "Hummingbird.Environment.EpisodeLength.sum": {
            "value": 11988.0,
            "min": 3996.0,
            "max": 11988.0,
            "count": 1217
        },
        "Hummingbird.Environment.CumulativeReward.mean": {
            "value": 77.61639026800792,
            "min": -2.375,
            "max": 83.39936983585358,
            "count": 1449
        },
        "Hummingbird.Environment.CumulativeReward.sum": {
            "value": 931.396683216095,
            "min": -28.5,
            "max": 937.5206418037415,
            "count": 1449
        },
        "Hummingbird.Policy.ExtrinsicReward.mean": {
            "value": 77.61639026800792,
            "min": -2.375,
            "max": 83.39936983585358,
            "count": 1449
        },
        "Hummingbird.Policy.ExtrinsicReward.sum": {
            "value": 931.396683216095,
            "min": -28.5,
            "max": 937.5206418037415,
            "count": 1449
        },
        "Hummingbird.Losses.PolicyLoss.mean": {
            "value": 0.07972121404794355,
            "min": 0.03360889107765009,
            "max": 0.12397331562436496,
            "count": 690
        },
        "Hummingbird.Losses.PolicyLoss.sum": {
            "value": 0.07972121404794355,
            "min": 0.03360889107765009,
            "max": 0.12397331562436496,
            "count": 690
        },
        "Hummingbird.Losses.ValueLoss.mean": {
            "value": 0.15052714024980862,
            "min": 1.1356188148662719e-05,
            "max": 0.26696365475654604,
            "count": 690
        },
        "Hummingbird.Losses.ValueLoss.sum": {
            "value": 0.15052714024980862,
            "min": 1.1356188148662719e-05,
            "max": 0.26696365475654604,
            "count": 690
        },
        "Hummingbird.Policy.LearningRate.mean": {
            "value": 0.0002269632243455999,
            "min": 0.0002269632243455999,
            "max": 0.00029930016023328005,
            "count": 690
        },
        "Hummingbird.Policy.LearningRate.sum": {
            "value": 0.0002269632243455999,
            "min": 0.0002269632243455999,
            "max": 0.00029930016023328005,
            "count": 690
        },
        "Hummingbird.Policy.Epsilon.mean": {
            "value": 0.17565440000000002,
            "min": 0.17565440000000002,
            "max": 0.1997667200000001,
            "count": 690
        },
        "Hummingbird.Policy.Epsilon.sum": {
            "value": 0.17565440000000002,
            "min": 0.17565440000000002,
            "max": 0.1997667200000001,
            "count": 690
        },
        "Hummingbird.Policy.Beta.mean": {
            "value": 0.0037851545600000014,
            "min": 0.0037851545600000014,
            "max": 0.004988359328000001,
            "count": 690
        },
        "Hummingbird.Policy.Beta.sum": {
            "value": 0.0037851545600000014,
            "min": 0.0037851545600000014,
            "max": 0.004988359328000001,
            "count": 690
        }
    },
    "metadata": {
        "timer_format_version": "0.1.0",
        "start_time_seconds": "1679719231",
        "python_version": "3.7.16 (default, Jan 17 2023, 16:06:28) [MSC v.1916 64 bit (AMD64)]",
        "command_line_arguments": "C:\\Users\\yuenn\\anaconda3\\envs\\ml-agents\\Scripts\\mlagents-learn trainer_config.yaml --run-id=NEW_HB01 --resume",
        "mlagents_version": "0.29.0",
        "mlagents_envs_version": "0.29.0",
        "communication_protocol_version": "1.5.0",
        "pytorch_version": "1.13.1",
        "numpy_version": "1.21.2",
        "end_time_seconds": "1679759717"
    },
    "total": 40486.055773500004,
    "count": 1,
    "self": 0.011202600006072316,
    "children": {
        "run_training.setup": {
            "total": 0.13071009999999994,
            "count": 1,
            "self": 0.13071009999999994
        },
        "TrainerController.start_learning": {
            "total": 40485.9138608,
            "count": 1,
            "self": 41.32137279844028,
            "children": {
                "TrainerController._reset_env": {
                    "total": 11.500347399999999,
                    "count": 1,
                    "self": 11.500347399999999
                },
                "TrainerController.advance": {
                    "total": 40432.94505950156,
                    "count": 1207997,
                    "self": 21.530895201707608,
                    "children": {
                        "env_step": {
                            "total": 40411.41416429985,
                            "count": 1207997,
                            "self": 36908.16458979978,
                            "children": {
                                "SubprocessEnvManager._take_step": {
                                    "total": 3480.745919199196,
                                    "count": 1207997,
                                    "self": 114.63385489781058,
                                    "children": {
                                        "TorchPolicy.evaluate": {
                                            "total": 3366.1120643013855,
                                            "count": 1207997,
                                            "self": 712.8716817019067,
                                            "children": {
                                                "TorchPolicy.sample_actions": {
                                                    "total": 2653.240382599479,
                                                    "count": 1207997,
                                                    "self": 2653.240382599479
                                                }
                                            }
                                        }
                                    }
                                },
                                "workers": {
                                    "total": 22.50365530087644,
                                    "count": 1207996,
                                    "self": 0.0,
                                    "children": {
                                        "worker_root": {
                                            "total": 40422.13643780164,
                                            "count": 1207996,