{
    "name": "root",
    "gauges": {
        "Volleyball.Policy.Entropy.mean": {
            "value": 1.5552794933319092,
            "min": 1.511149525642395,
            "max": 2.5339529514312744,
            "count": 369
        },
        "Volleyball.Policy.Entropy.sum": {
            "value": 30757.20703125,
            "min": 23033.16015625,
            "max": 50879.59765625,
            "count": 369
        },
        "Volleyball.Environment.EpisodeLength.mean": {
            "value": 31.34090909090909,
            "min": 15.14170692431562,
            "max": 33.829861111111114,
            "count": 369
        },
        "Volleyball.Environment.EpisodeLength.sum": {
            "value": 19306.0,
            "min": 8312.0,
            "max": 19528.0,
            "count": 369
        },
        "Volleyball.Step.mean": {
            "value": 16139993.0,
            "min": 8779986.0,
            "max": 16139993.0,
            "count": 369
        },
        "Volleyball.Step.sum": {
            "value": 16139993.0,
            "min": 8779986.0,
            "max": 16139993.0,
            "count": 369
        },
        "Volleyball.Policy.ExtrinsicValueEstimate.mean": {
            "value": 0.24424885213375092,
            "min": 0.07338687032461166,
            "max": 0.25627169013023376,
            "count": 369
        },
        "Volleyball.Policy.ExtrinsicValueEstimate.sum": {
            "value": 150.7015380859375,
            "min": 45.259368896484375,
            "max": 164.53392028808594,
            "count": 369
        },
        "Volleyball.Environment.CumulativeReward.mean": {
            "value": 0.5705024311183144,
            "min": 0.14662273476112025,
            "max": 0.6459412780656304,
            "count": 369
        },
        "Volleyball.Environment.CumulativeReward.sum": {
            "value": 352.0,
            "min": 85.0,
            "max": 383.0,
            "count": 369
        },
        "Volleyball.Policy.ExtrinsicReward.mean": {
            "value": 0.5705024311183144,
            "min": 0.14662273476112025,
            "max": 0.6459412780656304,
            "count": 369
        },
        "Volleyball.Policy.ExtrinsicReward.sum": {
            "value": 352.0,
            "min": 85.0,
            "max": 383.0,
            "count": 369
        },
        "Volleyball.IsTraining.mean": {
            "value": 1.0,
            "min": 1.0,
            "max": 1.0,
            "count": 369
        },
        "Volleyball.IsTraining.sum": {
            "value": 1.0,
            "min": 1.0,
            "max": 1.0,
            "count": 369
        },
        "Volleyball.Losses.PolicyLoss.mean": {
            "value": 0.016852752535487524,
            "min": 0.012045185419265182,
            "max": 0.02315721093909815,
            "count": 359
        },
        "Volleyball.Losses.PolicyLoss.sum": {
            "value": 0.016852752535487524,
            "min": 0.012045185419265182,
            "max": 0.02315721093909815,
            "count": 359
        },
        "Volleyball.Losses.ValueLoss.mean": {
            "value": 0.04811448697000742,
            "min": 0.024147354857996108,
            "max": 0.050293829385191204,
            "count": 359
        },
        "Volleyball.Losses.ValueLoss.sum": {
            "value": 0.04811448697000742,
            "min": 0.024147354857996108,
            "max": 0.050293829385191204,
            "count": 359
        },
        "Volleyball.Policy.LearningRate.mean": {
            "value": 0.0002,
            "min": 0.0002,
            "max": 0.0002,
            "count": 359
        },
        "Volleyball.Policy.LearningRate.sum": {
            "value": 0.0002,
            "min": 0.0002,
            "max": 0.0002,
            "count": 359
        },
        "Volleyball.Policy.Epsilon.mean": {
            "value": 0.15,
            "min": 0.15,
            "max": 0.15,
            "count": 359
        },
        "Volleyball.Policy.Epsilon.sum": {
            "value": 0.15,
            "min": 0.15,
            "max": 0.15,
            "count": 359
        },
        "Volleyball.Policy.Beta.mean": {
            "value": 0.003,
            "min": 0.003,
            "max": 0.003,
            "count": 359
        },
        "Volleyball.Policy.Beta.sum": {
            "value": 0.003,
            "min": 0.003,
            "max": 0.003,
            "count": 359
        }
    },
    "metadata": {
        "timer_format_version": "0.1.0",
        "start_time_seconds": "1679704945",
        "python_version": "3.7.16 (default, Jan 17 2023, 16:06:28) [MSC v.1916 64 bit (AMD64)]",
        "command_line_arguments": "C:\\Users\\yuenn\\anaconda3\\envs\\ml-agents\\Scripts\\mlagents-learn Volleyball.yaml --run-id=VB_2 --time-scale=1 --resume",
        "mlagents_version": "0.29.0",
        "mlagents_envs_version": "0.29.0",
        "communication_protocol_version": "1.5.0",
        "pytorch_version": "1.13.1",
        "numpy_version": "1.21.2",
        "end_time_seconds": "1679717714"
    },
    "total": 12768.7134043,
    "count": 1,
    "self": 0.010861400000067079,
    "children": {
        "run_training.setup": {
            "total": 0.13418099999999988,
            "count": 1,
            "self": 0.13418099999999988
        },
        "TrainerController.start_learning": {
            "total": 12768.568361900001,
            "count": 1,
            "self": 10.563889800245306,
            "children": {
                "TrainerController._reset_env": {
                    "total": 17.9636834,
                    "count": 1,
                    "self": 17.9636834
                },
                "TrainerController.advance": {
                    "total": 12739.906633299755,
                    "count": 361536,
                    "self": 11.09804059938324,
                    "children": {
                        "env_step": {
                            "total": 8247.936835699926,
                            "count": 361536,
                            "self": 7574.312186000353,
                            "children": {
                                "SubprocessEnvManager._take_step": {
                                    "total": 666.9179514996232,
                                    "count": 361536,
                                    "self": 21.792281099597517,
                                    "children": {
                                        "TorchPolicy.evaluate": {
                                            "total": 645.1256704000257,
                                            "count": 230911,
                                            "self": 87.8030807996056,
                                            "children": {
                                                "TorchPolicy.sample_actions": {
                                                    "total": 557.3225896004201,
                                                    "count": 230911,
                                                    "self": 557.3225896004201
                                                }
                                            }
                                        }
                                    }
                                },
                                "workers": {
                                    "total": 6.706698199949216,
                                    "count": 361535,
                                    "self": 0.0,
                                    "children": {
                                        "worker_root": {
                                            "total": 12734.446268299953,
                                            "count": 361535,
                                            "is_parallel": true,
                                            "self": 5908.118302799989,